egg_id,hatch_date,status
F114_4,NA,?
F23_16,20/03/2025,dead
F23_13,20/03/2025,dead
F44_8,20/03/2025,killed
F42_3,20/03/2025,dead
F17_4,21/03/2025,dead
F118_3,21/03/2025,alive
F27_1,21/03/2025,killed
F148_4,22/03/2025,killed
F22_13,22/03/2025,killed
F17_6,22/03/2025,missing
F22_20,22/03/2025,killed
F116_9,23/03/2025,killed
F11_5,23/03/2025,killed
F118_19,23/03/2025,killed
F38_10,23/03/2025,killed
F1_19,23/03/2025,killed
F22_16,23/03/2025,killed
F118_14,23/03/2025,missing
F23_3,23/03/2025,killed
F37_8,23/03/2025,killed
F23_10,23/03/2025,dead
F23_2,23/03/2025,killed
F118_2,24/03/2025,killed
F22_1,24/03/2025,killed
F44_5,24/03/2025,killed
F37_11,24/03/2025,killed
F57_3,24/03/2025,killed
F57_1,25/03/2025,killed
F10_3,25/03/2025,killed
F22_17,25/03/2025,killed
F22_12,25/03/2025,dead
F22_14,25/03/2025,killed
F1_18,25/03/2025,killed
F121_2,25/03/2025,dead
F22_5,25/03/2025,killed
F1_6,25/03/2025,dead
F22_7,25/03/2025,killed
F22_15,25/03/2025,killed
F63_6,25/03/2025,killed
F46_11,25/03/2025,killed
F11_2,25/03/2025,missing
F10_4,25/03/2025,killed
F27_11,25/03/2025,dead
F42_11,25/03/2025,dead
F44_14,25/03/2025,killed
F42_5,25/03/2025,dead
F148_10,25/03/2025,killed
F57_7,25/03/2025,killed
F27_8,25/03/2025,killed
F37_9,25/03/2025,killed
F11_8,26/03/2025,killed
F20_7,26/03/2025,dead
F1_3,26/03/2025,missing?
F20_8,26/03/2025,killed
F10_1,26/03/2025,killed
F25_4,26/03/2025,killed
F1_20,03/04/2025,killed
F44_4,26/03/2025,killed
F69_19,26/03/2025,killed
F64_11,26/03/2025,killed
F42_7,26/03/2025,dead
F148_12,26/03/2025,killed
F135_17,26/03/2025,killed
F23_18,26/03/2025,killed
F118_9,26/03/2025,killed
F148_13,27/03/2025,killed
F50_20,27/03/2025,killed
F165_10,27/03/2025,killed
F148_18,27/03/2025,dead
F148_19,27/03/2025,killed
F140_10,27/03/2025,dead
F27_16,27/03/2025,missing
F140_5,27/03/2025,missing
F140_8,27/03/2025,dead
F46_14,27/03/2025,killed
F52_19,27/03/2025,killed
F37_5,27/03/2025,missing
F95_19,27/03/2025,missing
F23_11,27/03/2025,killed
F23_9,27/03/2025,
F21_11,27/03/2025,
F140_11,27/03/2025,killed
F74_15,27/03/2025,killed
F23_20,27/03/2025,
F23_15,27/03/2025,missing
F140_16,27/03/2025,missing
F44_12,27/03/2025,killed
F25_3,27/03/2025,killed
F44_7,27/03/2025,killed
F57_13,27/03/2025,killed
F101_1,06/04/2025,killed
F57_15,27/03/2025,dead
F44_19,27/03/2025,killed
F22_11,27/03/2025,killed
F46_13,27/03/2025,killed
F44_9,27/03/2025,killed
F110_15,04/04/2025,killed
F112_3,30/03/2025,killed
F95_14,27/03/2025,killed
F23_19,27/03/2025,killed
F1_1,27/03/2025,killed
F22_18,27/03/2025,dead
F22_2,27/03/2025,killed
F121_5,27/03/2025,killed
F116_3,27/03/2025,missing
F17_8,27/03/2025,killed
F22_4,27/03/2025,dead
F118_20,27/03/2025,killed
F37_19,27/03/2025,killed
F22_3,27/03/2025,dead
F10_7,27/03/2025,killed
F144_2,27/03/2025,killed
F20_6,27/03/2025,dead
F10_2,27/03/2025,killed
F22_8,27/03/2025,killed
F22_9,28/03/2025,killed
F73_10,28/03/2025,killed
F1_7,28/03/2025,killed
F1_15,28/03/2025,
F144_3,28/03/2025,killed
F19_5,28/03/2025,killed
F114_8,28/03/2025,missing
F11_7,28/03/2025,killed
F118_18,28/03/2025,missing
F25_16,28/03/2025,dead
F42_2,28/03/2025,dead
F48_16,28/03/2025,killed
F27_18,28/03/2025,missing
F42_18,28/03/2025,dead
F56_9,28/03/2025,killed
F67_6,28/03/2025,dead
F48_15,28/03/2025,dead
F1_2,28/03/2025,killed
F12_2,28/03/2025,missing
F76_18,28/03/2025,missing
F96_13,28/03/2025,NA
F96_5,28/03/2025,killed
F96_9,28/03/2025,killed
F135_18,28/03/2025,missing
F148_15,28/03/2025,
F165_3,28/03/2025,killed
F67_8,28/03/2025,
F145_19,28/03/2025,killed
F117_15,05/04/2025,killed
F46_3,28/03/2025,killed
F148_11,29/03/2025,killed
F116_6,29/03/2025,killed
F50_3,29/03/2025,killed
F140_7,29/03/2025,dead
F107_3,29/03/2025,killed
F140_3,29/03/2025,missing
F140_14,29/03/2025,killed
F140_19,29/03/2025,missing
F112_1,29/03/2025,killed
F76_6,29/03/2025,killed
F103_19,29/03/2025,killed
F21_8,29/03/2025,dead
F103_8,29/03/2025,dead
F103_9,29/03/2025,killed
F112_4,29/03/2025,dead
F27_9,29/03/2025,killed
F15_11,29/03/2025,killed
F51_13,29/03/2025,dead
F25_1,29/03/2025,killed
F25_10,29/03/2025,killed
F44_10,29/03/2025,killed
F44_18,29/03/2025,dead
F64_4,29/03/2025,killed
F64_1,29/03/2025,killed
F46_9,29/03/2025,killed
F48_5,29/03/2025,killed
F51_16,29/03/2025,killed
F10_9,29/03/2025,killed
F95_4,29/03/2025,killed
F22_10,29/03/2025,dead
F1_12,29/03/2025,killed
F_13,29/03/2025,killed
F38_17,29/03/2025,killed
F95_7,29/03/2025,killed
F144_1,29/03/2025,killed
F10_6,29/03/2025,killed
F110_19,29/03/2025,missing
F1_4,29/03/2025,killed
F20_1,29/03/2025,killed
F11_1,29/03/2025,missing
F11_4,29/03/2025,killed
F10_10,30/03/2025,dead
F10_8,30/03/2025,missing
F103_5,30/03/2025,killed
F11_6,30/03/2025,dead
F117_16,30/03/2025,killed
F114_6,30/03/2025,missing
F114_9,30/03/2025,killed
F121_13,06/04/2025,killed
F118_5,30/03/2025,missing
F121_4,30/03/2025,killed
F121_3,06/04/2025,killed
F140_18,30/03/2025,killed
F124_9,06/04/2025,killed
F125_1,09/04/2025,killed
F17_5,30/03/2025,dead
F19_14,30/03/2025,missing
F19_9,30/03/2025,missing
F125_2,06/04/2025,killed
F125_6,06/04/2025,killed
F126_14,06/04/2025,killed
F37_18,30/03/2025,dead
F42_16,30/03/2025,killed
F46_8,30/03/2025,dead
F49_6,30/03/2025,missing
F51_9,30/03/2025,killed
F52_13,30/03/2025,dead
F56_20,30/03/2025,missing
F57_12,30/03/2025,killed
F57_2,30/03/2025,killed
F64_16,30/03/2025,killed
F67_9,30/03/2025,dead
F69_1,30/03/2025,dead
F69_20,30/03/2025,killed
F135_3,28/03/2025,killed
F74_2,30/03/2025,
F86_10,30/03/2025,dead
F86_9,30/03/2025,killed
F93_10,30/03/2025,missing
F93_8,30/03/2025,missing
F135_4,04/04/2025,killed
F95_13,30/03/2025,killed
F95_16,30/03/2025,killed
F74_5,31/03/2025,killed
F140_9,31/03/2025,killed
F157_13,31/03/2025,killed
F43_2,31/03/2025,killed
F49_17,31/03/2025,killed
F135_9,31/03/2025,dead
F74_4,31/03/2025,killed
F157_2,31/03/2025,killed
F157_16,31/03/2025,killed
F15_14,31/03/2025,killed
F112_7,31/03/2025,missing
F103_20,31/03/2025,killed
F81_10,31/03/2025,missing
F21_10,31/03/2025,killed
F86_7,31/03/2025,killed
F140_20,31/03/2025,killed
F124_7,31/03/2025,dead
F27_20,31/03/2025,killed
F42_9,31/03/2025,missing
F49_16,31/03/2025,killed
F49_3,31/03/2025,dead
F52_12,31/03/2025,missing
F52_18,31/03/2025,missing
F44_15,31/03/2025,
F52_8,31/03/2025,killed
F52_14,31/03/2025,
F25_2,31/03/2025,killed
F69_17,31/03/2025,dead
F64_6,31/03/2025,killed
F50_10,31/03/2025,dead
F49_7,31/03/2025,missing
F56_7,31/03/2025,dead
F52_9,31/03/2025,missing
F68_8,31/03/2025,
F48_9,31/03/2025,
F48_18,31/03/2025,killed
F50_9,31/03/2025,
F25_8,31/03/2025,killed
F121_1,31/03/2025,killed
F110_9,31/03/2025,dead
F38_9,31/03/2025,missing
F25_19,31/03/2025,killed
F114_2,31/03/2025,
F20_5,31/03/2025,
F20_3,31/03/2025,killed
F15_2,31/03/2025,killed
F39_3,31/03/2025,missing
F1_10,31/03/2025,killed
F25_12,31/03/2025,killed
F95_3,31/03/2025,killed
F39_2,31/03/2025,killed
F118_16,31/03/2025,missing
F101_15,04/04/2025,killed
F67_11,01/04/2025,killed
F43_1,01/04/2025,killed
F46_7,01/04/2025,missing
F15_4,01/04/2025,killed
F101_20,04/04/2025,killed
F52_6,01/04/2025,killed
F101_6,11/04/2025,killed
F103_17,04/04/2025,killed
F103_4,04/04/2025,killed
F103_7,04/04/2025,killed
F17_1,01/04/2025,dead
F86_20,01/04/2025,killed
F112_16,01/04/2025,killed
F105_7,10/04/2025,killed
F105_8,07/04/2025,killed
F107_13,04/04/2025,killed
F167_10,01/04/2025,missing
F140_2,01/04/2025,dead
F110_1,04/04/2025,killed
F63_12,01/04/2025,missing
F126_13,01/04/2025,killed
F136_6,01/04/2025,killed
F110_11,03/04/2025,killed
F110_18,11/04/2025,killed
F110_6,11/04/2025,killed
F112_12,04/04/2025,killed
F165_1,01/04/2025,killed
F116_10,01/04/2025,killed
F112_9,01/04/2025,killed
F56_1,01/04/2025,dead
F114_20,04/04/2025,killed
F114_5,04/04/2025,killed
F116_2,09/04/2025,killed
F116_4,04/04/2025,killed
F117_13,04/04/2025,killed
F21_14,01/04/2025,dead
F74_19,01/04/2025,killed
F117_18,11/04/2025,killed
F117_2,04/04/2025,killed
F118_13,04/04/2025,killed
F37_10,01/04/2025,dead
F17_14,01/04/2025,dead
F44_3,01/04/2025,dead
F118_15,04/04/2025,killed
F121_11,07/04/2025,killed
F21_4,01/04/2025,killed
F123_11,09/04/2025,killed
F112_13,01/04/2025,killed
F123_12,07/04/2025,killed
F48_11,02/04/2025,killed
F157_20,02/04/2025,killed
F107_1,02/04/2025,killed
F135_19,02/04/2025,killed
F135_2,02/04/2025,killed
F148_14,02/04/2025,killed
F145_13,02/04/2025,killed
F158_20,02/04/2025,killed
F145_5,02/04/2025,killed
F176_11,02/04/2025,missing
F160_2,02/04/2025,killed
F157_12,02/04/2025,dead
F135_5,02/04/2025,killed
F107_7,02/04/2025,killed
F145_4,02/04/2025,killed
F159_2,02/04/2025,killed
F39_11,02/04/2025,killed
F180_3,02/04/2025,killed
F159_10,02/04/2025,dead
F140_13,02/04/2025,killed
F81_7,02/04/2025,killed
F96_1,02/04/2025,killed
F107_11,02/04/2025,killed
F112_15,02/04/2025,dead
F117_14,02/04/2025,killed
F96_4,02/04/2025,killed
F96_11,02/04/2025,killed
F86_18,02/04/2025,dead
F86_8,02/04/2025,dead
F17_15,02/04/2025,killed
F21_7,02/04/2025,killed
F17_13,02/04/2025,killed
F15_7,02/04/2025,dead
F103_16,02/04/2025,killed
F103_18,02/04/2025,killed
F112_8,02/04/2025,killed
F27_4,02/04/2025,killed
F124_13,02/04/2025,killed
F103_6,NA,missing
F124_8,NA,missing
F56_10,02/04/2025,dead
F68_15,02/04/2025,killed
F50_16,02/04/2025,killed
F56_2,02/04/2025,dead
F49_5,02/04/2025,killed
F48_10,02/04/2025,killed
F51_20,02/04/2025,killed
F52_15,02/04/2025,killed
F124_16,02/04/2025,killed
F50_19,02/04/2025,killed
F44_2,02/04/2025,killed
F52_5,02/04/2025,dead
F52_20,02/04/2025,killed
F124_3,02/04/2025,killed
F43_19,02/04/2025,killed
F144_5,02/04/2025,killed
F39_7,02/04/2025,killed
F118_11,02/04/2025,killed
F117_9,02/04/2025,killed
F123_14,02/04/2025,killed
F10_5,02/04/2025,killed
F144_10,02/04/2025,killed
F138_12,02/04/2025,killed
F117_7,02/04/2025,killed
F144_8,02/04/2025,killed
F70_3,02/04/2025,killed
F25_14,02/04/2025,dead
F38_18,NA,missing
F123_2,10/04/2025,killed
F135_8,06/04/2025,killed
F15_1,03/04/2025,killed
F101_10,07/04/2025,killed
F117_4,03/04/2025,killed
F144_7,03/04/2025,killed
F101_12,07/04/2025,killed
F17_7,03/04/2025,killed
F116_7,03/04/2025,killed
F73_1,03/04/2025,killed
F1_16,03/04/2025,killed
F37_16,03/04/2025,killed
F73_7,03/04/2025,dead
F95_9,03/04/2025,killed
F144_4,03/04/2025,killed
F51_6,03/04/2025,killed
F50_17,03/04/2025,killed
F48_12,03/04/2025,killed
F46_6,03/04/2025,killed
F139_14,03/04/2025,killed
F133_9,03/04/2025,killed
F133_4,03/04/2025,dead
F101_13,07/04/2025,killed
F123_5,11/04/2025,killed
F153_10,03/04/2025,killed
F138_6,03/04/2025,killed
F74_9,03/04/2025,killed
F101_16,07/04/2025,killed
F123_6,10/04/2025,killed
F148_2,03/04/2025,killed
F43_16,03/04/2025,killed
F164_8,03/04/2025,killed
F101_19,05/04/2025,killed
F49_20,03/04/2025,killed
F43_11,03/04/2025,killed
F73_12,03/04/2025,killed
F50_12,03/04/2025,dead
F101_7,05/04/2025,killed
F101_8,05/04/2025,killed
F114_13,03/04/2025,killed
F103_12,05/04/2025,killed
F114_16,03/04/2025,killed
F50_1,03/04/2025,killed
F50_6,03/04/2025,killed
F107_16,05/04/2025,killed
F117_12,03/04/2025,killed
F114_17,03/04/2025,killed
F86_5,03/04/2025,killed
F95_20,03/04/2025,killed
F110_20,03/04/2025,killed
F114_1,07/04/2025,killed
F49_18,03/04/2025,killed
F114_12,05/04/2025,killed
F118_6,03/04/2025,killed
F114_14,05/04/2025,killed
F52_10,03/04/2025,missing
F17_11,03/04/2025,killed
F74_11,03/04/2025,killed
F116_5,03/04/2025,killed
F107_17,03/04/2025,killed
F125_10,07/04/2025,killed
F101_2,04/04/2025,killed
F125_14,10/04/2025,killed
F125_18,10/04/2025,killed
F125_19,07/04/2025,killed
F126_16,10/04/2025,killed
F126_19,11/04/2025,killed
F126_2,07/04/2025,killed
F136_1,04/04/2025,killed
F126_4,10/04/2025,killed
F133_10,09/04/2025,killed
F133_5,07/04/2025,killed
F135_10,09/04/2025,killed
F135_11,07/04/2025,killed
F135_13,07/04/2025,killed
F135_15,01/04/2025,killed
F135_7,04/04/2025,killed
F118_7,04/04/2025,dead
F124_4,04/04/2025,missing
F124_5,04/04/2025,dead
F125_5,04/04/2025,dead
F136_4,06/04/2025,killed
F136_9,04/04/2025,killed
F136_5,30/03/2025,killed
F138_1,09/04/2025,killed
F138_4,04/04/2025,dead
F138_19,07/04/2025,killed
F138_5,07/04/2025,killed
F139_16,04/04/2025,killed
F144_9,04/04/2025,killed
F145_11,04/04/2025,killed
F145_12,04/04/2025,killed
F145_15,03/04/2025,killed
F145_17,04/04/2025,killed
F153_1,04/04/2025,killed
F139_11,09/04/2025,killed
F145_18,04/04/2025,killed
F145_3,01/04/2025,killed
F145_7,03/04/2025,killed
F148_1,04/04/2025,killed
F148_7,01/04/2025,killed
F148_9,04/04/2025,killed
F152_12,09/04/2025,killed
F152_14,09/04/2025,killed
F139_12,06/04/2025,killed
F152_15,07/04/2025,killed
F165_4,04/04/2025,dead
F153_16,09/04/2025,killed
F153_2,09/04/2025,killed
F145_1,08/04/2025,killed
F145_10,09/04/2025,killed
F145_16,05/04/2025,killed
F21_5,04/04/2025,killed
F21_6,04/04/2025,killed
F153_9,04/04/2025,killed
F27_5,04/04/2025,killed
F154_1,10/04/2025,killed
F154_12,09/04/2025,killed
F154_18,10/04/2025,killed
F157_1,04/04/2025,killed
F37_7,04/04/2025,dead
F157_5,09/04/2025,killed
F157_7,11/04/2025,killed
F15_5,06/04/2025,killed
F158_15,11/04/2025,killed
F158_17,04/04/2025,killed
F158_18,04/04/2025,killed
F51_1,04/04/2025,missing?
F158_5,11/04/2025,killed
F158_8,04/04/2025,killed
F159_4,04/04/2025,killed
F159_7,04/04/2025,killed
F160_9,04/04/2025,killed
F161_8,04/04/2025,killed
F164_5,07/04/2025,killed
F68_11,04/04/2025,dead
F164_9,07/04/2025,killed
F69_2,04/04/2025,dead
F69_7,04/04/2025,missing
F165_5,04/04/2025,killed
F167_3,04/04/2025,killed
F167_7,07/04/2025,killed
F17_3,01/04/2025,killed
F170_13,10/04/2025,killed
F170_14,09/04/2025,killed
F170_15,11/04/2025,killed
F76_3,04/04/2025,missing
F153_17,06/04/2025,killed
F76_7,04/04/2025,dead
F170_18,10/04/2025,killed
F153_19,06/04/2025,killed
F175_15,10/04/2025,killed
F175_6,11/04/2025,killed
F76_1,NA,missing
F69_15,NA,missing
F101_4,NA,missing
F51_19,NA,missing
F37_3,NA,missing
F138_15,NA,missing
F117_10,NA,missing
F79_11,NA,missing
F153_20,06/04/2025,killed
F153_7,04/04/2025,killed
F101_11,05/04/2025,killed
F101_14,05/04/2025,killed
F116_8,07/04/2025,killed
F101_5,05/04/2025,killed
F117_3,05/04/2025,killed
F121_12,05/04/2025,killed
F121_6,05/04/2025,killed
F103_13,08/04/2025,killed
F103_15,06/04/2025,killed
F123_15,07/04/2025,killed
F107_2,06/04/2025,dead
F107_8,05/04/2025,killed
F110_4,06/04/2025,dead
F114_10,05/04/2025,killed
F114_11,05/04/2025,missing
F123_17,05/04/2025,killed
F123_18,07/04/2025,killed
F114_19,08/04/2025,killed
F154_4,07/04/2025,killed
F124_14,05/04/2025,killed
F125_7,05/04/2025,killed
F154_7,09/04/2025,killed
F157_18,08/04/2025,killed
F125_8,05/04/2025,killed
F121_9,05/04/2025,killed
F123_13,08/04/2025,killed
F123_16,08/04/2025,killed
F126_7,07/04/2025,killed
F123_19,06/04/2025,missing
F123_7,08/04/2025,killed
F124_11,05/04/2025,killed
F124_12,08/04/2025,dead
F133_8,05/04/2025,killed
F124_15,06/04/2025,missing
F157_9,30/03/2025,killed
F125_11,08/04/2025,killed
F125_3,08/04/2025,killed
F125_15,08/04/2025,killed
F158_11,09/04/2025,killed
F125_4,08/04/2025,killed
F158_13,08/04/2025,killed
F135_16,05/04/2025,killed
F135_20,05/04/2025,killed
F159_9,06/04/2025,killed
F126_17,06/04/2025,dead
F126_3,06/04/2025,
F126_5,05/04/2025,killed
F126_6,08/04/2025,killed
F125_17,06/04/2025,killed
F126_9,05/04/2025,killed
F136_7,05/04/2025,killed
F136_3,03/04/2025,killed
F138_11,05/04/2025,killed
F160_3,06/04/2025,killed
F138_14,05/04/2025,killed
F136_2,06/04/2025,killed
F160_6,30/03/2025,killed
F136_10,05/04/2025,killed
F136_8,05/04/2025,dead
F138_16,07/04/2025,killed
F138_17,07/04/2025,killed
F138_2,05/04/2025,killed
F138_7,05/04/2025,killed
F138_20,07/04/2025,killed
F138_8,05/04/2025,killed
F139_10,08/04/2025,killed
F161_2,03/04/2025,killed
F139_15,06/04/2025,
F139_17,05/04/2025,killed
F139_18,05/04/2025,dead
F139_19,08/04/2025,killed
F138_9,05/04/2025,killed
F139_20,08/04/2025,killed
F144_11,05/04/2025,dead
F161_4,06/04/2025,killed
F139_2,05/04/2025,killed
F145_20,08/04/2025,killed
F139_3,07/04/2025,killed
F145_2,05/04/2025,killed
F145_6,03/04/2025,killed
F161_5,04/04/2025,killed
F15_6,08/04/2025,killed
F152_2,06/04/2025,killed
F152_20,06/04/2025,killed
F153_11,05/04/2025,killed
F153_12,05/04/2025,killed
F153_15,05/04/2025,killed
F164_1,06/04/2025,killed
F167_5,04/04/2025,killed
F170_1,07/04/2025,killed
F153_3,08/04/2025,killed
F153_4,08/04/2025,killed
F153_5,05/04/2025,killed
F145_8,05/04/2025,killed
F154_11,06/04/2025,killed
F154_14,08/04/2025,killed
F154_6,06/04/2025,killed
F157_11,08/04/2025,killed
F157_14,05/04/2025,killed
F98_3,NA,missing
F157_15,05/04/2025,dead
F157_17,08/04/2025,killed
F170_4,06/04/2025,killed
F148_20,05/04/2025,killed
F15_13,05/04/2025,killed
F175_10,11/04/2025,killed
F153_13,07/04/2025,killed
F153_14,07/04/2025,killed
F158_4,05/04/2025,killed
F158_9,08/04/2025,killed
F175_14,09/04/2025,killed
F160_10,08/04/2025,killed
F175_8,04/04/2025,killed
F160_5,08/04/2025,killed
F160_7,05/04/2025,killed
F161_1,05/04/2025,killed
F176_4,06/04/2025,killed
F161_6,06/04/2025,missing
F180_2,08/04/2025,killed
F164_7,05/04/2025,killed
F165_2,08/04/2025,killed
F167_1,08/04/2025,killed
F167_4,06/04/2025,killed
F167_8,05/04/2025,killed
F153_6,07/04/2025,killed
F180_4,09/04/2025,killed
F170_5,08/04/2025,killed
F170_9,08/04/2025,killed
F175_11,08/04/2025,dead
F175_13,08/04/2025,killed
F175_16,05/04/2025,dead
F175_17,08/04/2025,killed
F176_10,08/04/2025,killed
F176_13,05/04/2025,killed
F153_8,05/04/2025,killed
F180_6,08/04/2025,killed
F157_6,07/04/2025,killed
F176_6,06/04/2025,killed
F176_7,05/04/2025,dead
F19_4,04/04/2025,killed
F19_17,06/04/2025,killed
F180_7,08/04/2025,missing
F188_10,08/04/2025,killed
F188_3,08/04/2025,killed
F188_9,08/04/2025,killed
F19_2,05/04/2025,killed
F157_8,05/04/2025,killed
F19_7,05/04/2025,killed
F20_2,26/03/2025,killed
F19_8,05/04/2025,killed
F21_1,06/04/2025,missing
F21_2,05/04/2025,killed
F25_13,05/04/2025,killed
F20_4,30/03/2025,killed
F37_15,06/04/2025,dead
F39_1,05/04/2025,dead
F39_4,08/04/2025,killed
F23_1,06/04/2025,killed
F39_8,08/04/2025,killed
F175_7,10/04/2025,killed
F158_12,05/04/2025,killed
F158_14,05/04/2025,killed
F158_16,07/04/2025,killed
F158_19,05/04/2025,killed
F176_2,07/04/2025,killed
F180_9,11/04/2025,killed
F188_11,10/04/2025,killed
F188_4,07/04/2025,killed
F159_3,07/04/2025,killed
F188_5,07/04/2025,killed
F188_8,10/04/2025,killed
F161_7,03/04/2025,killed
F25_11,30/03/2025,killed
F19_1,01/04/2025,killed
F19_10,01/04/2025,killed
F164_2,03/04/2025,killed
F164_6,07/04/2025,killed
F165_7,07/04/2025,killed
F124_10,NA,missing
F21_13,01/04/2025,killed
F21_3,01/04/2025,killed
F167_9,05/04/2025,killed
F21_9,04/04/2025,killed
F95_17,07/04/2025,dead
F25_15,01/04/2025,killed
F176_14,07/04/2025,killed
F25_18,01/04/2025,killed
F67_7,07/04/2025,dead
F27_6,01/04/2025,killed
F176_18,05/04/2025,killed
F37_12,04/04/2025,killed
F37_14,04/04/2025,killed
F37_17,04/04/2025,killed
F176_3,03/04/2025,killed
F176_5,05/04/2025,killed
F19_16,03/04/2025,killed
F37_4,04/04/2025,killed
F19_3,05/04/2025,killed
F39_12,04/04/2025,killed
F21_12,03/04/2025,killed
F39_5,01/04/2025,killed
F39_14,03/04/2025,killed
F158_3,07/04/2025,dead
F43_8,03/04/2025,killed
F39_9,04/04/2025,killed
F25_5,05/04/2025,killed
F49_1,05/04/2025,killed
F43_10,01/04/2025,killed
F43_12,10/04/2025,killed
F49_11,05/04/2025,killed
F43_17,01/04/2025,killed
F70_8,07/04/2025,dead
F49_13,03/04/2025,killed
F50_18,07/04/2025,killed
F51_14,03/04/2025,killed
F167_2,07/04/2025,dead
F51_17,03/04/2025,killed
F43_20,07/04/2025,killed
F51_3,07/04/2025,killed
F52_16,03/04/2025,killed
F52_17,03/04/2025,killed
F98_4,04/04/2025,killed
F19_11,NA,missing
F43_7,08/04/2025,dead
F44_13,05/04/2025,missing
F25_7,30/03/2025,killed
F56_13,07/04/2025,killed
F63_4,03/04/2025,killed
F27_10,30/03/2025,killed
F39_6,05/04/2025,killed
F49_8,05/04/2025,killed
F51_8,05/04/2025,killed
F56_16,08/04/2025,missing
F56_17,05/04/2025,killed
F46_1,04/04/2025,killed
F48_13,05/04/2025,killed
F64_3,05/04/2025,killed
F64_5,06/04/2025,missing
F48_17,27/03/2025,killed
F68_1,05/04/2025,killed
F68_12,05/04/2025,killed
F68_18,05/04/2025,killed
F49_2,06/04/2025,killed
F49_4,06/04/2025,killed
F52_7,27/03/2025,killed
F68_6,08/04/2025,killed
F56_8,06/04/2025,killed
F57_5,27/03/2025,killed
F69_3,05/04/2025,killed
F70_15,08/04/2025,killed
F70_9,05/04/2025,killed
F73_11,08/04/2025,dead
F73_13,05/04/2025,killed
F73_2,05/04/2025,killed
F73_3,05/04/2025,dead
F64_14,06/04/2025,killed
F74_20,06/04/2025,killed
F74_3,05/04/2025,killed
F74_6,05/04/2025,dead
F74_7,05/04/2025,killed
F67_10,05/04/2025,killed
F76_16,05/04/2025,killed
F70_7,08/04/2025,killed
F78_14,08/04/2025,killed
F78_16,08/04/2025,killed
F78_17,06/04/2025,dead
F78_18,06/04/2025,killed
F78_6,08/04/2025,killed
F68_19,06/04/2025,killed
F79_12,06/04/2025,killed
F48_20,01/04/2025,killed
F79_6,08/04/2025,killed
F86_13,08/04/2025,killed
F86_4,06/04/2025,dead
F93_9,08/04/2025,killed
F95_11,08/04/2025,killed
F68_3,06/04/2025,killed
F68_4,05/04/2025,killed
F96_7,05/04/2025,killed
F98_10,08/04/2025,killed
F98_13,08/04/2025,dead
F98_6,08/04/2025,killed
F68_9,06/04/2025,killed
F49_12,04/04/2025,killed
F144_6,09/04/2025,killed
F74_18,06/04/2025,killed
F152_11,09/04/2025,missing
F157_9,09/04/2025,killed
F49_14,04/04/2025,killed
F49_15,01/04/2025,killed
F49_9,04/04/2025,killed
F50_11,11/04/2025,killed
F50_7,01/04/2025,killed
F51_11,04/04/2025,killed
F78_4,09/04/2025,
F51_4,04/04/2025,killed
F78_7,09/04/2025,missing
F74_8,05/04/2025,killed
F76_4,04/04/2025,killed
F51_7,04/04/2025,killed
F52_1,01/04/2025,killed
F52_3,04/04/2025,killed
F78_9,06/04/2025,killed
F164_4,09/04/2025,killed
F79_13,09/04/2025,killed
F81_2,10/04/2025,killed
F78_5,09/04/2025,killed
F43_5,09/04/2025,dead
F56_11,01/04/2025,killed
F56_3,01/04/2025,killed
F56_5,07/04/2025,killed
F63_3,04/04/2025,killed
F63_9,01/04/2025,killed
F86_15,04/04/2025,killed
F64_12,09/04/2025,killed
F64_17,04/04/2025,killed
F180_8,09/04/2025,killed
F93_4,05/04/2025,killed
F63_1,NA,missing?
F64_2,10/04/2025,killed
F64_9,09/04/2025,killed
F170_6,10/04/2025,
F67_2,09/04/2025,killed
F67_5,04/04/2025,killed
F125_20,10/04/2025,dead
F68_16,09/04/2025,killed
F68_2,04/04/2025,killed
F68_7,09/04/2025,killed
F70_11,04/04/2025,killed
F70_14,11/04/2025,killed
F70_5,11/04/2025,killed
F73_14,04/04/2025,killed
F73_16,04/04/2025,killed
F176_16,10/04/2025,dead
F73_17,04/04/2025,killed
F73_6,04/04/2025,killed
F74_12,04/04/2025,killed
F74_13,10/04/2025,killed
F93_2,10/04/2025,dead
F103_11,10/04/2025,killed
F74_17,01/04/2025,killed
F76_10,01/04/2025,killed
F76_14,04/04/2025,killed
F76_5,01/04/2025,killed
F76_9,01/04/2025,killed
F78_10,10/04/2025,killed
F78_2,07/04/2025,killed
F79_2,10/04/2025,
F78_20,10/04/2025,killed
F95_10,09/04/2025,killed
F86_16,10/04/2025,
F78_8,09/04/2025,killed
F79_1,10/04/2025,killed
F79_2,06/04/2025,killed
F154_16,11/04/2025,missing
F79_3,11/04/2025,killed
F79_5,04/04/2025,killed
F79_9,07/04/2025,killed
F81_4,07/04/2025,killed
F86_17,07/04/2025,killed
F86_3,04/04/2025,killed
F86_6,01/04/2025,killed
F93_18,10/04/2025,killed
F93_5,04/04/2025,killed
F68_10,11/04/2025,killed
F93_6,07/04/2025,killed
F95_18,11/04/2025,killed
F37_1,11/04/2025,missing
F98_11,11/04/2025,killed
F98_12,10/04/2025,killed
F98_15,10/04/2025,killed
F98_20,11/04/2025,killed
F95_12,30/03/2025,killed
F98_2,07/04/2025,killed
F154_3,12/04/2025,killed
F70_12,12/04/2025,killed
F93_12,12/04/2025,killed
F175_20,12/04/2025,killed
F152_8,12/04/2025,killed
F159_5,12/04/2025,killed
F154_19,12/04/2025,killed
F175_1,12/04/2025,killed
F154_13,12/04/2025,killed
F154_20,12/04/2025,dead
F170_16,12/04/2025,killed
F154_8,12/04/2025,killed
F126_11,12/04/2025,killed
F70_13,12/04/2025,killed
F56_6,12/04/2025,killed
F176_9,12/04/2025,killed
F175_3,12/04/2025,killed
F93_15,12/04/2025,killed
F98_1,12/04/2025,killed
F154_15,12/04/2025,killed
F170_8,12/04/2025,killed
F118_10,12/04/2025,killed
F123_3,12/04/2025,dead
F56_15,12/04/2025,killed
F117_17,12/04/2025,killed
F126_1,12/04/2025,killed
F69_14,NA,missing
F140_17,13/04/2025,missing
F158_7,13/04/2025,killed
F154_17,13/04/2025,killed
F164_3,13/04/2025,killed
F152_3,13/04/2025,killed
F86_19,13/04/2025,killed
F180_11,13/04/2025,killed
F110_10,13/04/2025,killed
F176_8,13/04/2025,killed
F93_17,13/04/2025,killed
F170_3,13/04/2025,killed
F159_6,14/04/2025,killed
F93_13,14/04/2025,killed
F70_4,14/04/2025,killed
F125_12,14/04/2025,killed
F123_20,15/04/2025,killed
F154_5,15/04/2025,killed
F170_12,15/04/2025,killed
F139_1,15/04/2025,killed
F81_5,15/04/2025,alive
F175_4,15/04/2025,killed
F159_8,15/04/2025,killed
F70_20,16/04/2025,killed
F81_3,16/04/2025,alive
F176_20,16/04/2025,killed
F170_11,16/04/2025,alive
F180_5,16/04/2025,killed
F70_19,17/04/2025,alive
F105_5,17/04/2025,dead
F188_12,17/04/2025,killed
F154_9,18/04/2025,alive
F175_9,18/04/2025,dead
F180_12,19/04/2025,alive
F180_10,19/04/2025,alive
NA,20/04/2025,NA
NA,21/04/2025,NA
F117_5,22/04/2025,alive
F95_15,06/04/2025,killed
F73_5,07/04/2025,killed
F74_16,03/04/2025,killed
F96_17,07/04/2025,killed
F96_3,03/04/2025,killed
F96_8,03/04/2025,killed
F98_8,07/04/2025,killed
F95_2,06/04/2025,killed